ID,NOMBRE,HORARIO,COORDENADAS,,DIRECCION1,El Vendedor,abierto 24 horas,"28.628141323699555, -106.10006280134209",,"Parque El Vendedor, Blvd. Antonio Ortíz Mena s/n, Quintas del Sol, Campestre-Lomas, 31214 Chihuahua, Chih."2,Tronquitos,abierto 24 horas,"28.632925901928196, -106.09979974822643",,"Calle Alaska, Chihuahua, Chih."3,Canchas de la campesina,abierto 24 horas,"28.611162201128465, -106.09880391907252",,"Azahares s/n, Campesina, 31410 Chihuahua, Chih."4,Parque de la colonia Dale,abierto 24 horas,"28.615658627805768, -106.06245850530019",,"C. 30a 5200, Dale, RUTA SUR II, 31050 Chihuahua, Chih."5,Parque las verdes,na,"28.60585196575964, -106.07787019581792",,"Calle Mariano Samaniego 6201, Cerro de la Cruz, 31034 Chihuahua, Chih."6,Parque tres presas,11pm,"28.612097492621757, -106.12099782700953",,"D. Reliz, Av. Prol. Teófilo Borunda S/N, Chihuahua, Chih."7,Parque el encino,abierto 24 horas,"28.604566444799687, -106.11702673890584",,31207 Chihuahua8,Canchas parque triangular,abierto 24 horas,"28.59643816917435, -106.09563163650903",,"Rómulo Alvelais s/n, Los Pinos, 31416 Chihuahua, Chih."9,Parque Bellavista,abierto 24 horas,"28.619355895385837, -106.0673723115103",,"C. 26a 4013, Bellavista, RUTA SUR II, 31050 Chihuahua, Chih."10,Parque Valdez,abierto 24 horas,"28.62606788364293, -106.06339736355729",,"J. Valdez, Calle Sexta s/n, Santa Rosa, 31050 Chihuahua, Chih."11,Club Britania,6am-9pm,"28.626600494985862, -106.11212407333535",,"California 5314, Las Haciendas, 31215 Chihuahua, Chih."12,Parque Cantera,abierto 24 horas,"28.64503200936166, -106.1053577527214",,"Av. de la Cantera s/n, Progreso, Chihuahua, Chih."13,Espacio deportivo Cerro de la Cruz,abierto 24 horas,"28.599326975059775, -106.0810148054967",,"31453, J. J. Calvo 7600, Valle de la Madrid, Chihuahua, Chih."14,Parque Eloy Vallina,abierto 24 horas,"28.631418519765802, -106.07294326194577",,"31000, Av. Paseo Bolívar 66, Zona Centro, Chihuahua, Chih."15,Parque El reliz,7am-8pm,"28.61016791653186, -106.11765501662848",,"Diamante Azul 2329, Diamante Reliz, 31207 Chihuahua, Chih."16,Parque extremo,abierto 24 horas,"28.647261714769392, -106.10866289148758",,"C. República del Brasil s/n, Panamericana, 31210 Chihuahua, Chih."17,Parque hundido,abierto 24 horas,"28.640617421942103, -106.08961802454415",,"Del Parque s/n, El Palomar, 31000 Chihuahua, Chih."18,Parque presa el rejon,na,"28.61335545662477, -106.12170604009226",,"JV7H+88, 31207 Chihuahua, Chih."19,Ciudad deportiva,abierto 24 horas,"28.657878069659635, -106.0838595689502",,"Av. Tecnologico, Av División del Nte y, Altavista, 31200 Chihuahua, Chih."20,Parque Urueta,abierto 24 horas,"28.639901548026945, -106.06619652219283",,"C. 27 Manuel Gómez Morin 2204-2210, Obrera, 31350 Chihuahua, Chih."21,Parque Revolución,abierto 24 horas,"28.633886293842945, -106.07045791714938",,"Calle Nicolás Bravo s/n, Bolívar, Centro, 31000 Chihuahua, Chih."22,Parque extremo el Reliz,na,"28.61181796217009, -106.11643749652725",,"JV6M+JC, Diamante Azul 2329, Diamante Reliz, 31207 Chihuahua, Chih."23,Deportivo División del norte,abierto 24 horas,"28.60977888742229, -106.02720321812399",,"Francisco Villa s/n División del Norte, Chih."24,Parque Santo Niño,abierto 24 horas,"28.649994056489682, -106.07448420515493",,"José María Mari s/n, Santo Niño, 31200 Chihuahua, Chih."25,Parque José Martí,abierto 24 horas,"28.66365938108754, -106.10173230532875",,"C. José Martí 4325, Las Granjas, 31100 Chihuahua, Chih."26,Parque la burrita,abierto 24 horas,"28.63945769824477, -106.0564188475184",,"Parque V. Romero, Calle Ignacio Urquidi 3316, Barrio de Londres, 31060 Chihuahua, Chih."27,Escalada deporte extremo,6pm-9pm,"28.646699256963227, -106.10813439962146",,"Calle progreso, Progreso, 31210 Chihuahua, Chih."28,Deportivo Américas,na,"28.65260124520098, -106.11779358396869",,"Fidel Velázquez, 31210 Chihuahua"29,Parque colinas del sol basketbol,4pm-6:30pm,"28.658242877466243, -106.12186920468784",,"Av de las Águilas s/n, Colinas del Sol I Etapa, 31110 Chihuahua, Chih."30,Parque y canchas,abierto 24 horas,"28.623479373738753, -106.03744642531346",,"De Las Rosas s/n, Mármol, 31063 Chihuahua, Chih."31,El triunfo,abierto 24 horas,"28.599183142872473, -106.09666598873152",,"Batalla de Calculalpan, Margarita s/n, Maza, 31137 Chihuahua, Chih."32,Parque de deportes extremos,abierto 24 horas,"28.688535790083012, -106.10217617375604",,"Huerta Legarreta, 31134 Chihuahua"33,Deportiva José Vasconcelos,"0-10am, 4-12pm","28.60859554060808, -106.04112889303238",,"Deportiva J. Vasconcelos, Lázaro Cárdenas, 31063 Chihuahua, Chih."34,Espacio deportivo Diego Lucero,abierto 24 horas,"28.676518048705635, -106.12821763340025",,"C. Camilo Cienfuegos 634, Diego Lucero, 31123 Chihuahua, Chih."35,YMCA Chihuahua,6am-10pm,"28.628296205281934, -106.0751118678322",,"1o. de Mayo 1403-Int - 1, Santa Rita, 31000 Chihuahua, Chih."36,Unidad deportiva sur,6am-10:30pm,"28.624981241156572, -106.01872347083719",,"Blvd. Jose Fuentes Mares, Ávalos, 31074 Chihuahua, Chih."37,Parque Los frailes,abierto 24 horas,"28.66116946712628, -106.11041197549572",,"República de Uruguay s/n, Los Frailes, 31107 Chihuahua, Chih."38,Parque deportivo Ponce de Leon,abierto 24 horas,"28.722856613023467, -106.10977895815529",,"Av. de las Industrias s/n, José María Ponce de León, Quintas Carolinas, 31136 Chihuahua, Chih."39,Campo multiusos huerta Legarreta,abierto 24 horas,"28.69028728698659, -106.10081090950774",,"C. España, Huerta Legarreta, 31134 Chihuahua, Chih."40,Parque Genaro Vazquez,abierto 24 horas,"28.68386515834577, -106.10779784214458",,"Genaro Vázquez s/n, Villa Nueva, Chihuahua, Chih."41,Parque la huerta,abierto 24 horas,"28.688892329077042, -106.10042679428527",,"Lima 7908-7911, Jardines del Nte., 31130 Chihuahua, Chih."42,Senda aventura cortina Chuviscar,abierto 24 horas,"28.605144811415204, -106.11670296459842",,31207 Chihuahua43,Parque Vicente Suarez,abierto 24 horas,"28.644393399235213, -106.03671841414953",,"C. 61 s/n, Cerro Cnel. II, Dos de Octubre, 31375 Chihuahua, Chih."44,Parque Leopoldo Mares,abierto 24 horas,"28.656977805958476, -106.12537666872377",,"Del Faisán s/n, Arboledas, 31114 Chihuahua, Chih."45,Espacio Deportivo Acequias de Tabalaopa,abierto 24 horas,"28.656712273512138, -106.01657061984315",,"C. los Angeles 8525, Los Girasoles III Etapa, 31384 Chihuahua, Chih."46,Espacio deportivo Cerocahui,na,"28.681372614404204, -106.09716779915209",,"Barranca del Cobre 6923, Basaseachi, 31104 Chihuahua, Chih."47,Parque Fundadores,abierto 24 horas,"28.68938150792565, -106.10130134615417",,"América Latina s/n, Villa Nueva, Chihuahua, Chih."48,Deportivo vista cerro grande,na,"28.588534421306505, -106.03512639202101",,"31065, C. Puerto Escondido 8206, Vistas Cerro Grande, Chihuahua, Chih."49,Parque Melchor Ocampo,abierto 24 horas,"28.64224939934018, -106.03059177397218",,"C. Mariano Arteaga s/n, Cerro Cnel. II, Sector 3, 31375 Chihuahua, Chih."50,Deportivo 40-60,na,"28.659800975148936, -106.06660492167488",,"Josefa Ortiz de Domínguez, 31304 Chihuahua"51,Campo deportivo Oscar Asiaín -deportiva,na,"28.65881333227892, -106.08615566413228",,"Av. Pascual Orozco s/n, Magisterial, Chihuahua, Chih."52,Parque deportivo La Alianza,abierto 24 horas,"28.748760568488663, -106.12000482162891",,"C. Desierto de Sonora s/n, Porvenir, Rio Sacramento Nte, 31137 Chihuahua, Chih."53,Parque 2 de Octubre,abierto 24 horas,"28.635155091722453, -106.03717563172692",,"Calle 4a. s/n, 2 de Octubre, 31375 Chihuahua, Chih."54,Parque Sacramento,abierto 24 horas,"28.723681087427998, -106.09161978005758",,"Vialidad Sacramento s/n, Quintas Carolinas, 31146 Chihuahua, Chih."55,Parque el platanito,abierto 24 horas,"28.680087534617176, -106.11941523481435",,"Av Juan Escutia s/n, Lourdes, 31120 Chihuahua, Chih."56,Parque jardines del saucito,abierto 24 horas,"28.671998018686093, -106.13712430852807",,"C. Sierra Madre 3415, Jardines del Saucito, Juventud Nte, 31123 Chihuahua, Chih."57,Parque real sacramento,abierto 24 horas,"28.722235964741824, -106.09142764495982",,"C. Monte Naranjo, Quintas Carolinas II Etapa, Quintas Carolinas, 31146 Chihuahua, Chih."58,Campos liga Chihuahua,abierto 24 horas,"28.612211984593966, -106.00348728301532",,"Ávalos, 31074 Chihuahua"59,Centro deportivo la Villa,na,"28.69227034100521, -106.11164935973166",,"Francisco Villa, 31134 Chihuahua"60,Parque jardines del saucito,abierto 24 horas,"28.674654264753922, -106.13879274122917",,"Sierra Torrecillas 3436, Bahías, Juventud Nte, 31123 Chihuahua, Chih."61,unidad deportiva nuevo milenio,abierto 24 horas,"28.698746182202658, -106.10023936831597",,"Av. de las Industrias, Villa Nueva, Revolución, 31135 Chihuahua, Chih."62,Parque central Boreal,na,"28.589014151362697, -106.15959800428332",,"Unnamed Road, Chih."63,Parque Villa Juarez,abierto 24 horas,"28.60963010337141, -106.01046574802176",,"Las Canchas de Villa Juarez, Calle 3a. s/n, C. Tercera 400, Villa Juárez, 31064 Chihuahua, Chih."64,Parque doctor Canseco,abierto 24 horas,"28.69744507823573, -106.1322584075892",,"Parque Dr. Canseco, Univ. de Juárez s/n, Ignacio Allende, Juventud Nte, 31125 Chihuahua, Chih."65,Parque familiar del DIF -Colibrí,5pm-9pm viernes-domingo,"28.658702783990687, -106.08127308218734",,"Av. Tecnológico 2903, Magisterial Universidad, 31310 Chihuahua, Chih."66,Parque Corredor Homero,na,"28.706579813238328, -106.11853814909038",,"Ramón Córdova, Revolución, 31135 Chihuahua, Chih."67,Parque ICHEA,abierto 24 horas,"28.674023535523066, -106.12555440596627",,"C. Ignacio Rodríguez, Diego Lucero, 31123 Chihuahua, Chih."68,Hacienda 3 potrillos,na,"28.633361004537054, -106.06974082790825",,"Bolívar, Zona Centro, 31000 Chihuahua"69,Corredor vistas cerro grande,abierto 24 horas,"28.588137768159086, -106.03313663597694",,"C. 54 8431, Vistas Cerro Grande, 31065 Chihuahua, Chih."70,Deportivo Dolores Hidalgo,na,"28.67812067378091, -106.12444158782945",,"Nacional, 31120 Chihuahua"71,Cerro del dinosaurio en reposo,na,"28.63337767021495, -106.06977885585592",,"Bolívar, Zona Centro, 31000 Chihuahua"72,Parque paradigma,abierto 24 horas,"28.72333907346943, -106.09232259095644",,"C. Monte Maro s/n, Quintas Carolinas II Etapa, Quintas Carolinas, 31146 Chihuahua, Chih."73,Parque Niño espino,6:30am-8:30pm,"28.66996432500515, -106.10404249339607",,"San Jorge, 31100 Chihuahua"74,Deportivo ISSSTE,7am-3pm,"28.682268044065584, -106.08168913842628",,"Av. H. Colegio Militar s/n, Nombre de Dios, 31150 Chihuahua, Chih."75,Canchas Lomas Karike,abierto 24 horas,"28.675443364580374, -106.12562456938689",,"C. Ignacio Rodríguez s/n, Lomas Karike, 31120 Chihuahua, Chih."76,Parque deportivo la amistad,abierto 24 horas,"28.843736565313044, -105.91373907180534",,"Progreso, 32912 Juan Aldama, Chihuahua"77,Parque deportivo Bugarini,na,"28.660609327966252, -106.07503065113974",,"Ferrocarrilera, 31304 Chihuahua"78,Cancha campo bello,abierto 24 horas,"28.697970584167884, -106.1435260056423",,"Campo del Cañaveral 5491, Campo Bello I Etapa, 31124 Chihuahua, Chih."79,pista de Bicicross,na,"28.647413463872418, -106.10928962180911",,"C. República del Brasil s/n, Panamericana, 31210 Chihuahua, Chih."80,Parque Nombre de Dios,abierto 24 horas,"28.687350216212447, -106.08295373022094",,"Fernando Montes de Oca s/n, Nombre de Dios, 31150 Chihuahua, Chih."
